iter	Logloss
0	0.4309190097
1	0.374874581
2	0.3403312234
3	0.3037872487
4	0.2799603222
