iter	Logloss
0	0.4673832585
1	0.4012030523
2	0.3632057193
3	0.3402826291
4	0.300649368
